BEGIN;

-- Local development seed only. This resets mock/reference data for the
-- local Docker database and should not be run against a shared Delta database.
DELETE FROM "public"."employee_download";
DELETE FROM "public"."employee_share";
DELETE FROM "service_user"."users";
DELETE FROM "dbo"."v_HR_EXP_EmpBasicInfo";

INSERT INTO "dbo"."v_HR_EXP_EmpBasicInfo" ("empid", "name", "surname")
VALUES
  ('EMP001', 'Arin', 'Somchai'),
  ('EMP002', 'Mali', 'Kittisak'),
  ('EMP003', 'Niran', 'Prasert'),
  ('EMP004', 'Kanya', 'Sukjai'),
  ('EMP005', 'Anan', 'Wongsa'),
  ('EMP006', 'Pim', 'Srisuk'),
  ('EMP007', 'Thana', 'Charoen'),
  ('EMP008', 'Lada', 'Boonyarat'),
  ('EMP009', 'Suda', 'Narksawat'),
  ('EMP010', 'Krit', 'Rattanakul'),
  ('EMP011', 'Benja', 'Saetang'),
  ('EMP012', 'Wira', 'Phromphan'),
  ('EMP013', 'Nicha', 'Thongchai'),
  ('EMP014', 'Pawat', 'Lertsiri'),
  ('EMP015', 'Sirin', 'Maneerat'),
  ('EMP016', 'Chai', 'Pongsak'),
  ('EMP017', 'Orn', 'Intaraporn'),
  ('EMP018', 'Tee', 'Jaroenpol'),
  ('EMP019', 'May', 'Ruangrit'),
  ('EMP020', 'Korn', 'Suwan'),
  ('EMP021', 'Fah', 'Kanjana'),
  ('EMP022', 'Bank', 'Chotirat'),
  ('EMP023', 'Nam', 'Sathit'),
  ('EMP024', 'Ton', 'Yodchai'),
  ('EMP025', 'Gift', 'Wattanaporn'),
  ('EMP026', 'Oak', 'Preecha'),
  ('EMP027', 'Praew', 'Hiran'),
  ('EMP028', 'Win', 'Kongkaew'),
  ('EMP029', 'Noon', 'Dejchai'),
  ('EMP030', 'Pete', 'Phanich');

INSERT INTO "service_user"."users" ("id", "employee_id")
VALUES
  ('00000000-0000-4000-8000-000000000001', 'EMP001'),
  ('00000000-0000-4000-8000-000000000002', 'EMP002'),
  ('00000000-0000-4000-8000-000000000003', 'EMP003'),
  ('00000000-0000-4000-8000-000000000004', 'EMP004'),
  ('00000000-0000-4000-8000-000000000005', 'EMP005'),
  ('00000000-0000-4000-8000-000000000006', 'EMP006'),
  ('00000000-0000-4000-8000-000000000007', 'EMP007'),
  ('00000000-0000-4000-8000-000000000008', 'EMP008'),
  ('00000000-0000-4000-8000-000000000009', 'EMP009'),
  ('00000000-0000-4000-8000-000000000010', 'EMP010'),
  ('00000000-0000-4000-8000-000000000011', 'EMP011'),
  ('00000000-0000-4000-8000-000000000012', 'EMP012'),
  ('00000000-0000-4000-8000-000000000013', 'EMP013'),
  ('00000000-0000-4000-8000-000000000014', 'EMP014'),
  ('00000000-0000-4000-8000-000000000015', 'EMP015'),
  ('00000000-0000-4000-8000-000000000016', 'EMP016'),
  ('00000000-0000-4000-8000-000000000017', 'EMP017'),
  ('00000000-0000-4000-8000-000000000018', 'EMP018'),
  ('00000000-0000-4000-8000-000000000019', 'EMP019'),
  ('00000000-0000-4000-8000-000000000020', 'EMP020'),
  ('00000000-0000-4000-8000-000000000021', 'EMP021'),
  ('00000000-0000-4000-8000-000000000022', 'EMP022'),
  ('00000000-0000-4000-8000-000000000023', 'EMP023'),
  ('00000000-0000-4000-8000-000000000024', 'EMP024'),
  ('00000000-0000-4000-8000-000000000025', 'EMP025'),
  ('00000000-0000-4000-8000-000000000026', 'EMP026'),
  ('00000000-0000-4000-8000-000000000027', 'EMP027'),
  ('00000000-0000-4000-8000-000000000028', 'EMP028'),
  ('00000000-0000-4000-8000-000000000029', 'EMP029'),
  ('00000000-0000-4000-8000-000000000030', 'EMP030');

INSERT INTO "employee_share" (
  "id",
  "user_id",
  "employee_id",
  "created_at",
  "updated_at",
  "deleted_at"
)
VALUES
  (
    '22222222-2222-4222-8222-222222222222',
    '00000000-0000-4000-8000-000000000001',
    'EMP001',
    now(),
    now(),
    NULL
  ),
  (
    '22222222-2222-4222-8222-222222222223',
    '00000000-0000-4000-8000-000000000002',
    'EMP002',
    now(),
    now(),
    NULL
  ),
  (
    '22222222-2222-4222-8222-222222222224',
    '00000000-0000-4000-8000-000000000003',
    'EMP003',
    now(),
    now(),
    NULL
  ),
  (
    '22222222-2222-4222-8222-222222222225',
    '00000000-0000-4000-8000-000000000004',
    'EMP004',
    now(),
    now(),
    NULL
  ),
  (
    '22222222-2222-4222-8222-222222222226',
    '00000000-0000-4000-8000-000000000005',
    'EMP005',
    now(),
    now(),
    NULL
  );

INSERT INTO "employee_download" (
  "id",
  "employee_share_id",
  "reciever_emp_id",
  "os",
  "created_at",
  "updated_at",
  "deleted_at"
)
VALUES
  (
    '33333333-3333-4333-8333-333333333301',
    '22222222-2222-4222-8222-222222222222',
    'EMP006',
    'ios',
    now(),
    now(),
    NULL
  ),
  (
    '33333333-3333-4333-8333-333333333302',
    '22222222-2222-4222-8222-222222222222',
    'EMP007',
    'android',
    now(),
    now(),
    NULL
  ),
  (
    '33333333-3333-4333-8333-333333333303',
    '22222222-2222-4222-8222-222222222223',
    'EMP008',
    'ios',
    now(),
    now(),
    NULL
  ),
  (
    '33333333-3333-4333-8333-333333333304',
    '22222222-2222-4222-8222-222222222223',
    'EMP009',
    'android',
    now(),
    now(),
    NULL
  ),
  (
    '33333333-3333-4333-8333-333333333305',
    '22222222-2222-4222-8222-222222222224',
    'EMP010',
    'ios',
    now(),
    now(),
    NULL
  ),
  (
    '33333333-3333-4333-8333-333333333306',
    '22222222-2222-4222-8222-222222222224',
    'EMP011',
    'android',
    now(),
    now(),
    NULL
  ),
  (
    '33333333-3333-4333-8333-333333333307',
    '22222222-2222-4222-8222-222222222225',
    'EMP012',
    'ios',
    now(),
    now(),
    NULL
  ),
  (
    '33333333-3333-4333-8333-333333333308',
    '22222222-2222-4222-8222-222222222225',
    'EMP013',
    'android',
    now(),
    now(),
    NULL
  ),
  (
    '33333333-3333-4333-8333-333333333309',
    '22222222-2222-4222-8222-222222222226',
    'EMP014',
    'ios',
    now(),
    now(),
    NULL
  ),
  (
    '33333333-3333-4333-8333-333333333310',
    '22222222-2222-4222-8222-222222222226',
    'EMP015',
    'android',
    now(),
    now(),
    NULL
  );

COMMIT;
